name,ranking,image
Raymond,1,https://gamewith-en.akamaized.net/article_tools/animal-crossing-new-horizons/gacha/c446_i.png
Marshal,2,https://gamewith-en.akamaized.net/article_tools/animal-crossing-new-horizons/gacha/c324_i.png
Marina,3,https://gamewith-en.akamaized.net/article_tools/animal-crossing-new-horizons/gacha/c203_i.png
Zucker,4,https://gamewith-en.akamaized.net/article_tools/animal-crossing-new-horizons/gacha/c81_i.png
Sherb,5,https://gamewith-en.akamaized.net/article_tools/animal-crossing-new-horizons/gacha/c445_i.png
Judy,6,https://gamewith-en.akamaized.net/article_tools/animal-crossing-new-horizons/gacha/c450_i.png
Fauna,7,https://gamewith-en.akamaized.net/article_tools/animal-crossing-new-horizons/gacha/c98_i.png
Bob,8,https://gamewith-en.akamaized.net/article_tools/animal-crossing-new-horizons/gacha/c5_i.png
Audie,9,https://gamewith-en.akamaized.net/article_tools/animal-crossing-new-horizons/gacha/c447_i.png
Beau,10,https://gamewith-en.akamaized.net/article_tools/animal-crossing-new-horizons/gacha/c112_i.png
Coco,11,https://gamewith-en.akamaized.net/article_tools/animal-crossing-new-horizons/gacha/c74_i.png
Stitches,12,https://gamewith-en.akamaized.net/article_tools/animal-crossing-new-horizons/gacha/c51_i.png
Lucky,13,https://gamewith-en.akamaized.net/article_tools/animal-crossing-new-horizons/gacha/c377_i.png
Molly,14,https://gamewith-en.akamaized.net/article_tools/animal-crossing-new-horizons/gacha/c80_i.png
Dom,15,https://gamewith-en.akamaized.net/article_tools/animal-crossing-new-horizons/gacha/c444_i.png
Lolly,16,https://gamewith-en.akamaized.net/article_tools/animal-crossing-new-horizons/gacha/c99_i.png
Scoot,17,https://gamewith-en.akamaized.net/article_tools/animal-crossing-new-horizons/gacha/c189_i.png
Merengue,18,https://gamewith-en.akamaized.net/article_tools/animal-crossing-new-horizons/gacha/c89_i.png
Cherry,19,https://gamewith-en.akamaized.net/article_tools/animal-crossing-new-horizons/gacha/c152_i.png
Goldie,20,https://gamewith-en.akamaized.net/article_tools/animal-crossing-new-horizons/gacha/c437_i.png
Roald,21,https://gamewith-en.akamaized.net/article_tools/animal-crossing-new-horizons/gacha/c9_i.png
Diana,22,https://gamewith-en.akamaized.net/article_tools/animal-crossing-new-horizons/gacha/c8_i.png
Ankha,23,https://gamewith-en.akamaized.net/article_tools/animal-crossing-new-horizons/gacha/c317_i.png
Rosie,24,https://gamewith-en.akamaized.net/article_tools/animal-crossing-new-horizons/gacha/c68_i.png
Julian,25,https://gamewith-en.akamaized.net/article_tools/animal-crossing-new-horizons/gacha/c86_i.png
Ketchup,26,https://gamewith-en.akamaized.net/article_tools/animal-crossing-new-horizons/gacha/c242_i.png
Erik,27,https://gamewith-en.akamaized.net/article_tools/animal-crossing-new-horizons/gacha/c243_i.png
Tangy,28,https://gamewith-en.akamaized.net/article_tools/animal-crossing-new-horizons/gacha/c194_i.png
Apple,29,https://gamewith-en.akamaized.net/article_tools/animal-crossing-new-horizons/gacha/c319_i.png
Maple,30,https://gamewith-en.akamaized.net/article_tools/animal-crossing-new-horizons/gacha/c191_i.png
Pietro,31,https://gamewith-en.akamaized.net/article_tools/animal-crossing-new-horizons/gacha/c125_i.png
Punchy,32,https://gamewith-en.akamaized.net/article_tools/animal-crossing-new-horizons/gacha/c118_i.png
Apollo,33,https://gamewith-en.akamaized.net/article_tools/animal-crossing-new-horizons/gacha/c217_i.png
Tia,34,https://gamewith-en.akamaized.net/article_tools/animal-crossing-new-horizons/gacha/c391_i.png
Flora,35,https://gamewith-en.akamaized.net/article_tools/animal-crossing-new-horizons/gacha/c50_i.png
Cookie,36,https://gamewith-en.akamaized.net/article_tools/animal-crossing-new-horizons/gacha/c195_i.png
Weber,37,https://gamewith-en.akamaized.net/article_tools/animal-crossing-new-horizons/gacha/c207_i.png
Fang,38,https://gamewith-en.akamaized.net/article_tools/animal-crossing-new-horizons/gacha/c429_i.png
Whitney,39,https://gamewith-en.akamaized.net/article_tools/animal-crossing-new-horizons/gacha/c311_i.png
Lily,40,https://gamewith-en.akamaized.net/article_tools/animal-crossing-new-horizons/gacha/c44_i.png
Flurry,41,https://gamewith-en.akamaized.net/article_tools/animal-crossing-new-horizons/gacha/c34_i.png
Skye,42,https://gamewith-en.akamaized.net/article_tools/animal-crossing-new-horizons/gacha/c94_i.png
Poppy,43,https://gamewith-en.akamaized.net/article_tools/animal-crossing-new-horizons/gacha/c259_i.png
Filbert,44,https://gamewith-en.akamaized.net/article_tools/animal-crossing-new-horizons/gacha/c180_i.png
Pashmina,45,https://gamewith-en.akamaized.net/article_tools/animal-crossing-new-horizons/gacha/c436_i.png
Bangle,46,https://gamewith-en.akamaized.net/article_tools/animal-crossing-new-horizons/gacha/c285_i.png
Octavian,47,https://gamewith-en.akamaized.net/article_tools/animal-crossing-new-horizons/gacha/c315_i.png
Clay,48,https://gamewith-en.akamaized.net/article_tools/animal-crossing-new-horizons/gacha/c355_i.png
Melba,49,https://gamewith-en.akamaized.net/article_tools/animal-crossing-new-horizons/gacha/c119_i.png
Bam,50,https://gamewith-en.akamaized.net/article_tools/animal-crossing-new-horizons/gacha/c380_i.png
Katt,51,https://gamewith-en.akamaized.net/article_tools/animal-crossing-new-horizons/gacha/c133_i.png
Kiki,52,https://gamewith-en.akamaized.net/article_tools/animal-crossing-new-horizons/gacha/c341_i.png
Hornsby,53,https://gamewith-en.akamaized.net/article_tools/animal-crossing-new-horizons/gacha/c90_i.png
Muffy,54,https://gamewith-en.akamaized.net/article_tools/animal-crossing-new-horizons/gacha/c55_i.png
Bluebear,55,https://gamewith-en.akamaized.net/article_tools/animal-crossing-new-horizons/gacha/c201_i.png
Chevre,56,https://gamewith-en.akamaized.net/article_tools/animal-crossing-new-horizons/gacha/c79_i.png
Zell,57,https://gamewith-en.akamaized.net/article_tools/animal-crossing-new-horizons/gacha/c183_i.png
Merry,58,https://gamewith-en.akamaized.net/article_tools/animal-crossing-new-horizons/gacha/c206_i.png
Wolfgang,59,https://gamewith-en.akamaized.net/article_tools/animal-crossing-new-horizons/gacha/c398_i.png
Kabuki,60,https://gamewith-en.akamaized.net/article_tools/animal-crossing-new-horizons/gacha/c402_i.png
Aurora,61,https://gamewith-en.akamaized.net/article_tools/animal-crossing-new-horizons/gacha/c31_i.png
Pekoe,62,https://gamewith-en.akamaized.net/article_tools/animal-crossing-new-horizons/gacha/c159_i.png
Bianca,63,https://gamewith-en.akamaized.net/article_tools/animal-crossing-new-horizons/gacha/c424_i.png
Kyle,64,https://gamewith-en.akamaized.net/article_tools/animal-crossing-new-horizons/gacha/c416_i.png
Agnes,65,https://gamewith-en.akamaized.net/article_tools/animal-crossing-new-horizons/gacha/c127_i.png
Hazel,66,https://gamewith-en.akamaized.net/article_tools/animal-crossing-new-horizons/gacha/c288_i.png
Genji,67,https://gamewith-en.akamaized.net/article_tools/animal-crossing-new-horizons/gacha/c24_i.png
Bunnie,68,https://gamewith-en.akamaized.net/article_tools/animal-crossing-new-horizons/gacha/c150_i.png
Lobo,69,https://gamewith-en.akamaized.net/article_tools/animal-crossing-new-horizons/gacha/c378_i.png
Gayle,70,https://gamewith-en.akamaized.net/article_tools/animal-crossing-new-horizons/gacha/c158_i.png
Peanut,71,https://gamewith-en.akamaized.net/article_tools/animal-crossing-new-horizons/gacha/c184_i.png
Lyman,72,https://gamewith-en.akamaized.net/article_tools/animal-crossing-new-horizons/gacha/c346_i.png
Ruby,73,https://gamewith-en.akamaized.net/article_tools/animal-crossing-new-horizons/gacha/c435_i.png
Teddy,74,https://gamewith-en.akamaized.net/article_tools/animal-crossing-new-horizons/gacha/c321_i.png
Daisy,75,https://gamewith-en.akamaized.net/article_tools/animal-crossing-new-horizons/gacha/c389_i.png
Ozzie,76,https://gamewith-en.akamaized.net/article_tools/animal-crossing-new-horizons/gacha/c148_i.png
Cube,77,https://gamewith-en.akamaized.net/article_tools/animal-crossing-new-horizons/gacha/c33_i.png
Kidd,78,https://gamewith-en.akamaized.net/article_tools/animal-crossing-new-horizons/gacha/c205_i.png
Phoebe,79,https://gamewith-en.akamaized.net/article_tools/animal-crossing-new-horizons/gacha/c128_i.png
Hamlet,80,https://gamewith-en.akamaized.net/article_tools/animal-crossing-new-horizons/gacha/c171_i.png
Vesta,81,https://gamewith-en.akamaized.net/article_tools/animal-crossing-new-horizons/gacha/c122_i.png
Shari,82,https://gamewith-en.akamaized.net/article_tools/animal-crossing-new-horizons/gacha/c117_i.png
Antonio,83,https://gamewith-en.akamaized.net/article_tools/animal-crossing-new-horizons/gacha/c356_i.png
Freya,84,https://gamewith-en.akamaized.net/article_tools/animal-crossing-new-horizons/gacha/c425_i.png
June,85,https://gamewith-en.akamaized.net/article_tools/animal-crossing-new-horizons/gacha/c162_i.png
Mitzi,86,https://gamewith-en.akamaized.net/article_tools/animal-crossing-new-horizons/gacha/c320_i.png
Chrissy,87,https://gamewith-en.akamaized.net/article_tools/animal-crossing-new-horizons/gacha/c286_i.png
Shep,88,https://gamewith-en.akamaized.net/article_tools/animal-crossing-new-horizons/gacha/c397_i.png
Eugene,89,https://gamewith-en.akamaized.net/article_tools/animal-crossing-new-horizons/gacha/c364_i.png
Drago,90,https://gamewith-en.akamaized.net/article_tools/animal-crossing-new-horizons/gacha/c53_i.png
Kid Cat,91,https://gamewith-en.akamaized.net/article_tools/animal-crossing-new-horizons/gacha/c254_i.png
Puddles,92,https://gamewith-en.akamaized.net/article_tools/animal-crossing-new-horizons/gacha/c17_i.png
Wendy,93,https://gamewith-en.akamaized.net/article_tools/animal-crossing-new-horizons/gacha/c271_i.png
Bones,94,https://gamewith-en.akamaized.net/article_tools/animal-crossing-new-horizons/gacha/c258_i.png
Biskit,95,https://gamewith-en.akamaized.net/article_tools/animal-crossing-new-horizons/gacha/c154_i.png
Midge,96,https://gamewith-en.akamaized.net/article_tools/animal-crossing-new-horizons/gacha/c84_i.png
Wade,97,https://gamewith-en.akamaized.net/article_tools/animal-crossing-new-horizons/gacha/c368_i.png
Henry,98,https://gamewith-en.akamaized.net/article_tools/animal-crossing-new-horizons/gacha/c316_i.png
Dobie,99,https://gamewith-en.akamaized.net/article_tools/animal-crossing-new-horizons/gacha/c58_i.png
Roscoe,100,https://gamewith-en.akamaized.net/article_tools/animal-crossing-new-horizons/gacha/c192_i.png
Flo,101,https://gamewith-en.akamaized.net/article_tools/animal-crossing-new-horizons/gacha/c295_i.png
Ellie,102,https://gamewith-en.akamaized.net/article_tools/animal-crossing-new-horizons/gacha/c153_i.png
Reneigh,103,https://gamewith-en.akamaized.net/article_tools/animal-crossing-new-horizons/gacha/c449_i.png
Dizzy,104,https://gamewith-en.akamaized.net/article_tools/animal-crossing-new-horizons/gacha/c228_i.png
Tutu,105,https://gamewith-en.akamaized.net/article_tools/animal-crossing-new-horizons/gacha/c309_i.png
Dotty,106,https://gamewith-en.akamaized.net/article_tools/animal-crossing-new-horizons/gacha/c85_i.png
Mira,107,https://gamewith-en.akamaized.net/article_tools/animal-crossing-new-horizons/gacha/c219_i.png
Sprocket,108,https://gamewith-en.akamaized.net/article_tools/animal-crossing-new-horizons/gacha/c410_i.png
Cranston,109,https://gamewith-en.akamaized.net/article_tools/animal-crossing-new-horizons/gacha/c318_i.png
Static,110,https://gamewith-en.akamaized.net/article_tools/animal-crossing-new-horizons/gacha/c223_i.png
Rex,111,https://gamewith-en.akamaized.net/article_tools/animal-crossing-new-horizons/gacha/c238_i.png
Bill,112,https://gamewith-en.akamaized.net/article_tools/animal-crossing-new-horizons/gacha/c41_i.png
Cheri,113,https://gamewith-en.akamaized.net/article_tools/animal-crossing-new-horizons/gacha/c88_i.png
Ribbot,114,https://gamewith-en.akamaized.net/article_tools/animal-crossing-new-horizons/gacha/c54_i.png
Snake,115,https://gamewith-en.akamaized.net/article_tools/animal-crossing-new-horizons/gacha/c376_i.png
Chief,116,https://gamewith-en.akamaized.net/article_tools/animal-crossing-new-horizons/gacha/c430_i.png
Nan,117,https://gamewith-en.akamaized.net/article_tools/animal-crossing-new-horizons/gacha/c282_i.png
Julia,118,https://gamewith-en.akamaized.net/article_tools/animal-crossing-new-horizons/gacha/c247_i.png
Celia,119,https://gamewith-en.akamaized.net/article_tools/animal-crossing-new-horizons/gacha/c96_i.png
Sterling,120,https://gamewith-en.akamaized.net/article_tools/animal-crossing-new-horizons/gacha/c422_i.png
Biff,121,https://gamewith-en.akamaized.net/article_tools/animal-crossing-new-horizons/gacha/c101_i.png
Lopez,122,https://gamewith-en.akamaized.net/article_tools/animal-crossing-new-horizons/gacha/c277_i.png
Canberra,123,https://gamewith-en.akamaized.net/article_tools/animal-crossing-new-horizons/gacha/c155_i.png
Sydney,124,https://gamewith-en.akamaized.net/article_tools/animal-crossing-new-horizons/gacha/c198_i.png
Gala,125,https://gamewith-en.akamaized.net/article_tools/animal-crossing-new-horizons/gacha/c78_i.png
Olivia,126,https://gamewith-en.akamaized.net/article_tools/animal-crossing-new-horizons/gacha/c43_i.png
Pinky,127,https://gamewith-en.akamaized.net/article_tools/animal-crossing-new-horizons/gacha/c303_i.png
Joey,128,https://gamewith-en.akamaized.net/article_tools/animal-crossing-new-horizons/gacha/c7_i.png
Rolf,129,https://gamewith-en.akamaized.net/article_tools/animal-crossing-new-horizons/gacha/c279_i.png
Stella,130,https://gamewith-en.akamaized.net/article_tools/animal-crossing-new-horizons/gacha/c116_i.png
Tammy,131,https://gamewith-en.akamaized.net/article_tools/animal-crossing-new-horizons/gacha/c200_i.png
Poncho,132,https://gamewith-en.akamaized.net/article_tools/animal-crossing-new-horizons/gacha/c6_i.png
Walker,133,https://gamewith-en.akamaized.net/article_tools/animal-crossing-new-horizons/gacha/c186_i.png
Papi,134,https://gamewith-en.akamaized.net/article_tools/animal-crossing-new-horizons/gacha/c14_i.png
Graham,135,https://gamewith-en.akamaized.net/article_tools/animal-crossing-new-horizons/gacha/c197_i.png
Tank,136,https://gamewith-en.akamaized.net/article_tools/animal-crossing-new-horizons/gacha/c147_i.png
Fuchsia,137,https://gamewith-en.akamaized.net/article_tools/animal-crossing-new-horizons/gacha/c313_i.png
Jeremiah,138,https://gamewith-en.akamaized.net/article_tools/animal-crossing-new-horizons/gacha/c221_i.png
Gladys,139,https://gamewith-en.akamaized.net/article_tools/animal-crossing-new-horizons/gacha/c19_i.png
Alice,140,https://gamewith-en.akamaized.net/article_tools/animal-crossing-new-horizons/gacha/c276_i.png
Norma,141,https://gamewith-en.akamaized.net/article_tools/animal-crossing-new-horizons/gacha/c314_i.png
Phil,142,https://gamewith-en.akamaized.net/article_tools/animal-crossing-new-horizons/gacha/c400_i.png
Nana,143,https://gamewith-en.akamaized.net/article_tools/animal-crossing-new-horizons/gacha/c280_i.png
Freckles,144,https://gamewith-en.akamaized.net/article_tools/animal-crossing-new-horizons/gacha/c60_i.png
Goose,145,https://gamewith-en.akamaized.net/article_tools/animal-crossing-new-horizons/gacha/c336_i.png
Raddle,146,https://gamewith-en.akamaized.net/article_tools/animal-crossing-new-horizons/gacha/c182_i.png
Quillson,147,https://gamewith-en.akamaized.net/article_tools/animal-crossing-new-horizons/gacha/c433_i.png
Moe,148,https://gamewith-en.akamaized.net/article_tools/animal-crossing-new-horizons/gacha/c16_i.png
Deirdre,149,https://gamewith-en.akamaized.net/article_tools/animal-crossing-new-horizons/gacha/c145_i.png
Rudy,150,https://gamewith-en.akamaized.net/article_tools/animal-crossing-new-horizons/gacha/c431_i.png
Bruce,151,https://gamewith-en.akamaized.net/article_tools/animal-crossing-new-horizons/gacha/c167_i.png
Margie,152,https://gamewith-en.akamaized.net/article_tools/animal-crossing-new-horizons/gacha/c32_i.png
Megan,153,https://gamewith-en.akamaized.net/article_tools/animal-crossing-new-horizons/gacha/c451_i.png
Nate,154,https://gamewith-en.akamaized.net/article_tools/animal-crossing-new-horizons/gacha/c272_i.png
Bubbles,155,https://gamewith-en.akamaized.net/article_tools/animal-crossing-new-horizons/gacha/c312_i.png
Egbert,156,https://gamewith-en.akamaized.net/article_tools/animal-crossing-new-horizons/gacha/c349_i.png
Piper,157,https://gamewith-en.akamaized.net/article_tools/animal-crossing-new-horizons/gacha/c124_i.png
Bertha,158,https://gamewith-en.akamaized.net/article_tools/animal-crossing-new-horizons/gacha/c131_i.png
Chester,159,https://gamewith-en.akamaized.net/article_tools/animal-crossing-new-horizons/gacha/c260_i.png
Olive,160,https://gamewith-en.akamaized.net/article_tools/animal-crossing-new-horizons/gacha/c226_i.png
Diva,161,https://gamewith-en.akamaized.net/article_tools/animal-crossing-new-horizons/gacha/c334_i.png
Bea,162,https://gamewith-en.akamaized.net/article_tools/animal-crossing-new-horizons/gacha/c350_i.png
Vivian,163,https://gamewith-en.akamaized.net/article_tools/animal-crossing-new-horizons/gacha/c29_i.png
Maddie,164,https://gamewith-en.akamaized.net/article_tools/animal-crossing-new-horizons/gacha/c15_i.png
Boomer,165,https://gamewith-en.akamaized.net/article_tools/animal-crossing-new-horizons/gacha/c47_i.png
Puck,166,https://gamewith-en.akamaized.net/article_tools/animal-crossing-new-horizons/gacha/c62_i.png
Axel,167,https://gamewith-en.akamaized.net/article_tools/animal-crossing-new-horizons/gacha/c93_i.png
Mac,168,https://gamewith-en.akamaized.net/article_tools/animal-crossing-new-horizons/gacha/c384_i.png
Walt,169,https://gamewith-en.akamaized.net/article_tools/animal-crossing-new-horizons/gacha/c130_i.png
Keaton,170,https://gamewith-en.akamaized.net/article_tools/animal-crossing-new-horizons/gacha/c178_i.png
Alfonso,171,https://gamewith-en.akamaized.net/article_tools/animal-crossing-new-horizons/gacha/c185_i.png
Vladimir,172,https://gamewith-en.akamaized.net/article_tools/animal-crossing-new-horizons/gacha/c255_i.png
Pango,173,https://gamewith-en.akamaized.net/article_tools/animal-crossing-new-horizons/gacha/c382_i.png
Sly,174,https://gamewith-en.akamaized.net/article_tools/animal-crossing-new-horizons/gacha/c388_i.png
Butch,175,https://gamewith-en.akamaized.net/article_tools/animal-crossing-new-horizons/gacha/c374_i.png
Patty,176,https://gamewith-en.akamaized.net/article_tools/animal-crossing-new-horizons/gacha/c151_i.png
Tex,177,https://gamewith-en.akamaized.net/article_tools/animal-crossing-new-horizons/gacha/c339_i.png
Pate,178,https://gamewith-en.akamaized.net/article_tools/animal-crossing-new-horizons/gacha/c64_i.png
Sylvana,179,https://gamewith-en.akamaized.net/article_tools/animal-crossing-new-horizons/gacha/c359_i.png
Francine,180,https://gamewith-en.akamaized.net/article_tools/animal-crossing-new-horizons/gacha/c25_i.png
Savannah,181,https://gamewith-en.akamaized.net/article_tools/animal-crossing-new-horizons/gacha/c28_i.png
Deli,182,https://gamewith-en.akamaized.net/article_tools/animal-crossing-new-horizons/gacha/c165_i.png
Rodeo,183,https://gamewith-en.akamaized.net/article_tools/animal-crossing-new-horizons/gacha/c367_i.png
Carmen,184,https://gamewith-en.akamaized.net/article_tools/animal-crossing-new-horizons/gacha/c10_i.png
Billy,185,https://gamewith-en.akamaized.net/article_tools/animal-crossing-new-horizons/gacha/c95_i.png
Frita,186,https://gamewith-en.akamaized.net/article_tools/animal-crossing-new-horizons/gacha/c230_i.png
Mint,187,https://gamewith-en.akamaized.net/article_tools/animal-crossing-new-horizons/gacha/c143_i.png
Tom,188,https://gamewith-en.akamaized.net/article_tools/animal-crossing-new-horizons/gacha/c421_i.png
Boots,189,https://gamewith-en.akamaized.net/article_tools/animal-crossing-new-horizons/gacha/c261_i.png
Flip,190,https://gamewith-en.akamaized.net/article_tools/animal-crossing-new-horizons/gacha/c394_i.png
Tiffany,191,https://gamewith-en.akamaized.net/article_tools/animal-crossing-new-horizons/gacha/c13_i.png
Felicity,192,https://gamewith-en.akamaized.net/article_tools/animal-crossing-new-horizons/gacha/c102_i.png
Buck,193,https://gamewith-en.akamaized.net/article_tools/animal-crossing-new-horizons/gacha/c111_i.png
Murphy,194,https://gamewith-en.akamaized.net/article_tools/animal-crossing-new-horizons/gacha/c440_i.png
Bella,195,https://gamewith-en.akamaized.net/article_tools/animal-crossing-new-horizons/gacha/c438_i.png
Eunice,196,https://gamewith-en.akamaized.net/article_tools/animal-crossing-new-horizons/gacha/c110_i.png
Stu,197,https://gamewith-en.akamaized.net/article_tools/animal-crossing-new-horizons/gacha/c126_i.png
Sprinkle,198,https://gamewith-en.akamaized.net/article_tools/animal-crossing-new-horizons/gacha/c61_i.png
Nibbles,199,https://gamewith-en.akamaized.net/article_tools/animal-crossing-new-horizons/gacha/c233_i.png
Boone,200,https://gamewith-en.akamaized.net/article_tools/animal-crossing-new-horizons/gacha/c306_i.png
Willow,201,https://gamewith-en.akamaized.net/article_tools/animal-crossing-new-horizons/gacha/c399_i.png
Chadder,202,https://gamewith-en.akamaized.net/article_tools/animal-crossing-new-horizons/gacha/c426_i.png
Blanche,203,https://gamewith-en.akamaized.net/article_tools/animal-crossing-new-horizons/gacha/c432_i.png
Agent S,204,https://gamewith-en.akamaized.net/article_tools/animal-crossing-new-horizons/gacha/c215_i.png
Prince,205,https://gamewith-en.akamaized.net/article_tools/animal-crossing-new-horizons/gacha/c235_i.png
Doc,206,https://gamewith-en.akamaized.net/article_tools/animal-crossing-new-horizons/gacha/c87_i.png
Blaire,207,https://gamewith-en.akamaized.net/article_tools/animal-crossing-new-horizons/gacha/c216_i.png
Plucky,208,https://gamewith-en.akamaized.net/article_tools/animal-crossing-new-horizons/gacha/c345_i.png
Elvis,209,https://gamewith-en.akamaized.net/article_tools/animal-crossing-new-horizons/gacha/c237_i.png
Pierce,210,https://gamewith-en.akamaized.net/article_tools/animal-crossing-new-horizons/gacha/c12_i.png
Twiggy,211,https://gamewith-en.akamaized.net/article_tools/animal-crossing-new-horizons/gacha/c227_i.png
Beardo,212,https://gamewith-en.akamaized.net/article_tools/animal-crossing-new-horizons/gacha/c322_i.png
Ken,213,https://gamewith-en.akamaized.net/article_tools/animal-crossing-new-horizons/gacha/c434_i.png
Colton,214,https://gamewith-en.akamaized.net/article_tools/animal-crossing-new-horizons/gacha/c163_i.png
Olaf,215,https://gamewith-en.akamaized.net/article_tools/animal-crossing-new-horizons/gacha/c160_i.png
Pudge,216,https://gamewith-en.akamaized.net/article_tools/animal-crossing-new-horizons/gacha/c187_i.png
Tipper,217,https://gamewith-en.akamaized.net/article_tools/animal-crossing-new-horizons/gacha/c283_i.png
Tabby,218,https://gamewith-en.akamaized.net/article_tools/animal-crossing-new-horizons/gacha/c268_i.png
Anchovy,219,https://gamewith-en.akamaized.net/article_tools/animal-crossing-new-horizons/gacha/c77_i.png
Coach,220,https://gamewith-en.akamaized.net/article_tools/animal-crossing-new-horizons/gacha/c135_i.png
Stinky,221,https://gamewith-en.akamaized.net/article_tools/animal-crossing-new-horizons/gacha/c273_i.png
Al,222,https://gamewith-en.akamaized.net/article_tools/animal-crossing-new-horizons/gacha/c354_i.png
Del,223,https://gamewith-en.akamaized.net/article_tools/animal-crossing-new-horizons/gacha/c168_i.png
Deena,224,https://gamewith-en.akamaized.net/article_tools/animal-crossing-new-horizons/gacha/c204_i.png
Rodney,225,https://gamewith-en.akamaized.net/article_tools/animal-crossing-new-horizons/gacha/c383_i.png
Bettina,226,https://gamewith-en.akamaized.net/article_tools/animal-crossing-new-horizons/gacha/c188_i.png
Cole,227,https://gamewith-en.akamaized.net/article_tools/animal-crossing-new-horizons/gacha/c265_i.png
Drake,228,https://gamewith-en.akamaized.net/article_tools/animal-crossing-new-horizons/gacha/c202_i.png
Lionel,229,https://gamewith-en.akamaized.net/article_tools/animal-crossing-new-horizons/gacha/c245_i.png
Iggly,230,https://gamewith-en.akamaized.net/article_tools/animal-crossing-new-horizons/gacha/c375_i.png
Pompom,231,https://gamewith-en.akamaized.net/article_tools/animal-crossing-new-horizons/gacha/c52_i.png
Avery,232,https://gamewith-en.akamaized.net/article_tools/animal-crossing-new-horizons/gacha/c63_i.png
Cyd,233,https://gamewith-en.akamaized.net/article_tools/animal-crossing-new-horizons/gacha/c448_i.png
Camofrog,234,https://gamewith-en.akamaized.net/article_tools/animal-crossing-new-horizons/gacha/c181_i.png
Broccolo,235,https://gamewith-en.akamaized.net/article_tools/animal-crossing-new-horizons/gacha/c208_i.png
Barold,236,https://gamewith-en.akamaized.net/article_tools/animal-crossing-new-horizons/gacha/c75_i.png
Rod,237,https://gamewith-en.akamaized.net/article_tools/animal-crossing-new-horizons/gacha/c270_i.png
Pecan,238,https://gamewith-en.akamaized.net/article_tools/animal-crossing-new-horizons/gacha/c304_i.png
Cyrano,239,https://gamewith-en.akamaized.net/article_tools/animal-crossing-new-horizons/gacha/c82_i.png
Winnie,240,https://gamewith-en.akamaized.net/article_tools/animal-crossing-new-horizons/gacha/c35_i.png
Sheldon,241,https://gamewith-en.akamaized.net/article_tools/animal-crossing-new-horizons/gacha/c67_i.png
Marcie,242,https://gamewith-en.akamaized.net/article_tools/animal-crossing-new-horizons/gacha/c172_i.png
Caroline,243,https://gamewith-en.akamaized.net/article_tools/animal-crossing-new-horizons/gacha/c229_i.png
Annalisa,244,https://gamewith-en.akamaized.net/article_tools/animal-crossing-new-horizons/gacha/c46_i.png
Spike,245,https://gamewith-en.akamaized.net/article_tools/animal-crossing-new-horizons/gacha/c193_i.png
Jay,246,https://gamewith-en.akamaized.net/article_tools/animal-crossing-new-horizons/gacha/c231_i.png
Jacob,247,https://gamewith-en.akamaized.net/article_tools/animal-crossing-new-horizons/gacha/c281_i.png
Peggy,248,https://gamewith-en.akamaized.net/article_tools/animal-crossing-new-horizons/gacha/c164_i.png
Kitt,249,https://gamewith-en.akamaized.net/article_tools/animal-crossing-new-horizons/gacha/c344_i.png
Marcel,250,https://gamewith-en.akamaized.net/article_tools/animal-crossing-new-horizons/gacha/c442_i.png
Hopper,251,https://gamewith-en.akamaized.net/article_tools/animal-crossing-new-horizons/gacha/c113_i.png
Sylvia,252,https://gamewith-en.akamaized.net/article_tools/animal-crossing-new-horizons/gacha/c144_i.png
Renee,253,https://gamewith-en.akamaized.net/article_tools/animal-crossing-new-horizons/gacha/c169_i.png
Gaston,254,https://gamewith-en.akamaized.net/article_tools/animal-crossing-new-horizons/gacha/c366_i.png
Tasha,255,https://gamewith-en.akamaized.net/article_tools/animal-crossing-new-horizons/gacha/c403_i.png
Victoria,256,https://gamewith-en.akamaized.net/article_tools/animal-crossing-new-horizons/gacha/c225_i.png
Portia,257,https://gamewith-en.akamaized.net/article_tools/animal-crossing-new-horizons/gacha/c363_i.png
Hopkins,258,https://gamewith-en.akamaized.net/article_tools/animal-crossing-new-horizons/gacha/c83_i.png
Ava,259,https://gamewith-en.akamaized.net/article_tools/animal-crossing-new-horizons/gacha/c134_i.png
Derwin,260,https://gamewith-en.akamaized.net/article_tools/animal-crossing-new-horizons/gacha/c166_i.png
Tammi,261,https://gamewith-en.akamaized.net/article_tools/animal-crossing-new-horizons/gacha/c109_i.png
Gonzo,262,https://gamewith-en.akamaized.net/article_tools/animal-crossing-new-horizons/gacha/c347_i.png
Purrl,263,https://gamewith-en.akamaized.net/article_tools/animal-crossing-new-horizons/gacha/c170_i.png
Hugh,264,https://gamewith-en.akamaized.net/article_tools/animal-crossing-new-horizons/gacha/c441_i.png
Tybalt,265,https://gamewith-en.akamaized.net/article_tools/animal-crossing-new-horizons/gacha/c275_i.png
Drift,266,https://gamewith-en.akamaized.net/article_tools/animal-crossing-new-horizons/gacha/c342_i.png
Chops,267,https://gamewith-en.akamaized.net/article_tools/animal-crossing-new-horizons/gacha/c348_i.png
Paolo,268,https://gamewith-en.akamaized.net/article_tools/animal-crossing-new-horizons/gacha/c146_i.png
Rowan,269,https://gamewith-en.akamaized.net/article_tools/animal-crossing-new-horizons/gacha/c284_i.png
Maggie,270,https://gamewith-en.akamaized.net/article_tools/animal-crossing-new-horizons/gacha/c296_i.png
Hamphrey,271,https://gamewith-en.akamaized.net/article_tools/animal-crossing-new-horizons/gacha/c66_i.png
Klaus,272,https://gamewith-en.akamaized.net/article_tools/animal-crossing-new-horizons/gacha/c103_i.png
Sally,273,https://gamewith-en.akamaized.net/article_tools/animal-crossing-new-horizons/gacha/c196_i.png
Hans,274,https://gamewith-en.akamaized.net/article_tools/animal-crossing-new-horizons/gacha/c414_i.png
Rocket,275,https://gamewith-en.akamaized.net/article_tools/animal-crossing-new-horizons/gacha/c121_i.png
Jacques,276,https://gamewith-en.akamaized.net/article_tools/animal-crossing-new-horizons/gacha/c199_i.png
Ed,277,https://gamewith-en.akamaized.net/article_tools/animal-crossing-new-horizons/gacha/c310_i.png
Grizzly,278,https://gamewith-en.akamaized.net/article_tools/animal-crossing-new-horizons/gacha/c248_i.png
Benedict,279,https://gamewith-en.akamaized.net/article_tools/animal-crossing-new-horizons/gacha/c343_i.png
Benjamin,280,https://gamewith-en.akamaized.net/article_tools/animal-crossing-new-horizons/gacha/c257_i.png
Bud,281,https://gamewith-en.akamaized.net/article_tools/animal-crossing-new-horizons/gacha/c263_i.png
Bree,282,https://gamewith-en.akamaized.net/article_tools/animal-crossing-new-horizons/gacha/c220_i.png
Anabelle,283,https://gamewith-en.akamaized.net/article_tools/animal-crossing-new-horizons/gacha/c57_i.png
Amelia,284,https://gamewith-en.akamaized.net/article_tools/animal-crossing-new-horizons/gacha/c392_i.png
Bonbon,285,https://gamewith-en.akamaized.net/article_tools/animal-crossing-new-horizons/gacha/c76_i.png
Leonardo,286,https://gamewith-en.akamaized.net/article_tools/animal-crossing-new-horizons/gacha/c156_i.png
Kody,287,https://gamewith-en.akamaized.net/article_tools/animal-crossing-new-horizons/gacha/c323_i.png
Elmer,288,https://gamewith-en.akamaized.net/article_tools/animal-crossing-new-horizons/gacha/c337_i.png
Lucy,289,https://gamewith-en.akamaized.net/article_tools/animal-crossing-new-horizons/gacha/c179_i.png
Claude,290,https://gamewith-en.akamaized.net/article_tools/animal-crossing-new-horizons/gacha/c412_i.png
Curlos,291,https://gamewith-en.akamaized.net/article_tools/animal-crossing-new-horizons/gacha/c149_i.png
Simon,292,https://gamewith-en.akamaized.net/article_tools/animal-crossing-new-horizons/gacha/c22_i.png
Dora,293,https://gamewith-en.akamaized.net/article_tools/animal-crossing-new-horizons/gacha/c59_i.png
Louie,294,https://gamewith-en.akamaized.net/article_tools/animal-crossing-new-horizons/gacha/c97_i.png
Eloise,295,https://gamewith-en.akamaized.net/article_tools/animal-crossing-new-horizons/gacha/c419_i.png
Leopold,296,https://gamewith-en.akamaized.net/article_tools/animal-crossing-new-horizons/gacha/c269_i.png
Gabi,297,https://gamewith-en.akamaized.net/article_tools/animal-crossing-new-horizons/gacha/c427_i.png
Cousteau,298,https://gamewith-en.akamaized.net/article_tools/animal-crossing-new-horizons/gacha/c428_i.png
Opal,299,https://gamewith-en.akamaized.net/article_tools/animal-crossing-new-horizons/gacha/c23_i.png
Curt,300,https://gamewith-en.akamaized.net/article_tools/animal-crossing-new-horizons/gacha/c214_i.png
Big Top,301,https://gamewith-en.akamaized.net/article_tools/animal-crossing-new-horizons/gacha/c335_i.png
Rasher,302,https://gamewith-en.akamaized.net/article_tools/animal-crossing-new-horizons/gacha/c114_i.png
Kevin,303,https://gamewith-en.akamaized.net/article_tools/animal-crossing-new-horizons/gacha/c132_i.png
Rory,304,https://gamewith-en.akamaized.net/article_tools/animal-crossing-new-horizons/gacha/c262_i.png
Tucker,305,https://gamewith-en.akamaized.net/article_tools/animal-crossing-new-horizons/gacha/c301_i.png
Groucho,306,https://gamewith-en.akamaized.net/article_tools/animal-crossing-new-horizons/gacha/c360_i.png
Pippy,307,https://gamewith-en.akamaized.net/article_tools/animal-crossing-new-horizons/gacha/c190_i.png
Ike,308,https://gamewith-en.akamaized.net/article_tools/animal-crossing-new-horizons/gacha/c157_i.png
Cally,309,https://gamewith-en.akamaized.net/article_tools/animal-crossing-new-horizons/gacha/c298_i.png
Knox,310,https://gamewith-en.akamaized.net/article_tools/animal-crossing-new-horizons/gacha/c396_i.png
Rhonda,311,https://gamewith-en.akamaized.net/article_tools/animal-crossing-new-horizons/gacha/c27_i.png
Yuka,312,https://gamewith-en.akamaized.net/article_tools/animal-crossing-new-horizons/gacha/c234_i.png
O'Hare,313,https://gamewith-en.akamaized.net/article_tools/animal-crossing-new-horizons/gacha/c239_i.png
Gloria,314,https://gamewith-en.akamaized.net/article_tools/animal-crossing-new-horizons/gacha/c267_i.png
Soleil,315,https://gamewith-en.akamaized.net/article_tools/animal-crossing-new-horizons/gacha/c264_i.png
Lucha,316,https://gamewith-en.akamaized.net/article_tools/animal-crossing-new-horizons/gacha/c423_i.png
Sandy,317,https://gamewith-en.akamaized.net/article_tools/animal-crossing-new-horizons/gacha/c357_i.png
Truffles,318,https://gamewith-en.akamaized.net/article_tools/animal-crossing-new-horizons/gacha/c244_i.png
Samson,319,https://gamewith-en.akamaized.net/article_tools/animal-crossing-new-horizons/gacha/c218_i.png
Claudia,320,https://gamewith-en.akamaized.net/article_tools/animal-crossing-new-horizons/gacha/c395_i.png
Carrie,321,https://gamewith-en.akamaized.net/article_tools/animal-crossing-new-horizons/gacha/c415_i.png
Ursala,322,https://gamewith-en.akamaized.net/article_tools/animal-crossing-new-horizons/gacha/c20_i.png
Huck,323,https://gamewith-en.akamaized.net/article_tools/animal-crossing-new-horizons/gacha/c222_i.png
Peck,324,https://gamewith-en.akamaized.net/article_tools/animal-crossing-new-horizons/gacha/c240_i.png
Peewee,325,https://gamewith-en.akamaized.net/article_tools/animal-crossing-new-horizons/gacha/c305_i.png
Sparro,326,https://gamewith-en.akamaized.net/article_tools/animal-crossing-new-horizons/gacha/c393_i.png
Tad,327,https://gamewith-en.akamaized.net/article_tools/animal-crossing-new-horizons/gacha/c256_i.png
Spork,328,https://gamewith-en.akamaized.net/article_tools/animal-crossing-new-horizons/gacha/c297_i.png
Cobb,329,https://gamewith-en.akamaized.net/article_tools/animal-crossing-new-horizons/gacha/c340_i.png
Mathilda,330,https://gamewith-en.akamaized.net/article_tools/animal-crossing-new-horizons/gacha/c385_i.png
Admiral,331,https://gamewith-en.akamaized.net/article_tools/animal-crossing-new-horizons/gacha/c30_i.png
Jitters,332,https://gamewith-en.akamaized.net/article_tools/animal-crossing-new-horizons/gacha/c42_i.png
Kitty,333,https://gamewith-en.akamaized.net/article_tools/animal-crossing-new-horizons/gacha/c56_i.png
Charlise,334,https://gamewith-en.akamaized.net/article_tools/animal-crossing-new-horizons/gacha/c123_i.png
Gruff,335,https://gamewith-en.akamaized.net/article_tools/animal-crossing-new-horizons/gacha/c287_i.png
Astrid,336,https://gamewith-en.akamaized.net/article_tools/animal-crossing-new-horizons/gacha/c302_i.png
Cleo,337,https://gamewith-en.akamaized.net/article_tools/animal-crossing-new-horizons/gacha/c49_i.png
Clyde,338,https://gamewith-en.akamaized.net/article_tools/animal-crossing-new-horizons/gacha/c142_i.png
Peaches,339,https://gamewith-en.akamaized.net/article_tools/animal-crossing-new-horizons/gacha/c401_i.png
Naomi,340,https://gamewith-en.akamaized.net/article_tools/animal-crossing-new-horizons/gacha/c69_i.png
Gigi,341,https://gamewith-en.akamaized.net/article_tools/animal-crossing-new-horizons/gacha/c266_i.png
Angus,342,https://gamewith-en.akamaized.net/article_tools/animal-crossing-new-horizons/gacha/c136_i.png
Mott,343,https://gamewith-en.akamaized.net/article_tools/animal-crossing-new-horizons/gacha/c224_i.png
Jambette,344,https://gamewith-en.akamaized.net/article_tools/animal-crossing-new-horizons/gacha/c365_i.png
Frobert,345,https://gamewith-en.akamaized.net/article_tools/animal-crossing-new-horizons/gacha/c48_i.png
Monique,346,https://gamewith-en.akamaized.net/article_tools/animal-crossing-new-horizons/gacha/c325_i.png
Penelope,347,https://gamewith-en.akamaized.net/article_tools/animal-crossing-new-horizons/gacha/c45_i.png
Frank,348,https://gamewith-en.akamaized.net/article_tools/animal-crossing-new-horizons/gacha/c246_i.png
Friga,349,https://gamewith-en.akamaized.net/article_tools/animal-crossing-new-horizons/gacha/c352_i.png
Rocco,350,https://gamewith-en.akamaized.net/article_tools/animal-crossing-new-horizons/gacha/c274_i.png
Vic,351,https://gamewith-en.akamaized.net/article_tools/animal-crossing-new-horizons/gacha/c439_i.png
Ricky,352,https://gamewith-en.akamaized.net/article_tools/animal-crossing-new-horizons/gacha/c308_i.png
Rooney,353,https://gamewith-en.akamaized.net/article_tools/animal-crossing-new-horizons/gacha/c409_i.png
Monty,354,https://gamewith-en.akamaized.net/article_tools/animal-crossing-new-horizons/gacha/c417_i.png
Curly,355,https://gamewith-en.akamaized.net/article_tools/animal-crossing-new-horizons/gacha/c241_i.png
Harry,356,https://gamewith-en.akamaized.net/article_tools/animal-crossing-new-horizons/gacha/c11_i.png
Croque,357,https://gamewith-en.akamaized.net/article_tools/animal-crossing-new-horizons/gacha/c232_i.png
Anicotti,358,https://gamewith-en.akamaized.net/article_tools/animal-crossing-new-horizons/gacha/c65_i.png
Gwen,359,https://gamewith-en.akamaized.net/article_tools/animal-crossing-new-horizons/gacha/c26_i.png
Paula,360,https://gamewith-en.akamaized.net/article_tools/animal-crossing-new-horizons/gacha/c92_i.png
Alli,361,https://gamewith-en.akamaized.net/article_tools/animal-crossing-new-horizons/gacha/c381_i.png
Candi,362,https://gamewith-en.akamaized.net/article_tools/animal-crossing-new-horizons/gacha/c120_i.png
Annalise,363,https://gamewith-en.akamaized.net/article_tools/animal-crossing-new-horizons/gacha/c411_i.png
Robin,364,https://gamewith-en.akamaized.net/article_tools/animal-crossing-new-horizons/gacha/c413_i.png
Buzz,365,https://gamewith-en.akamaized.net/article_tools/animal-crossing-new-horizons/gacha/c418_i.png
Velma,366,https://gamewith-en.akamaized.net/article_tools/animal-crossing-new-horizons/gacha/c18_i.png
Timbra,367,https://gamewith-en.akamaized.net/article_tools/animal-crossing-new-horizons/gacha/c358_i.png
Hippeux,368,https://gamewith-en.akamaized.net/article_tools/animal-crossing-new-horizons/gacha/c351_i.png
Miranda,369,https://gamewith-en.akamaized.net/article_tools/animal-crossing-new-horizons/gacha/c129_i.png
Violet,370,https://gamewith-en.akamaized.net/article_tools/animal-crossing-new-horizons/gacha/c294_i.png
Limberg,371,https://gamewith-en.akamaized.net/article_tools/animal-crossing-new-horizons/gacha/c353_i.png
Queenie,372,https://gamewith-en.akamaized.net/article_tools/animal-crossing-new-horizons/gacha/c386_i.png
Becky,373,https://gamewith-en.akamaized.net/article_tools/animal-crossing-new-horizons/gacha/c420_i.png
T-Bone,374,https://gamewith-en.akamaized.net/article_tools/animal-crossing-new-horizons/gacha/c161_i.png
Chow,375,https://gamewith-en.akamaized.net/article_tools/animal-crossing-new-horizons/gacha/c236_i.png
Boris,376,https://gamewith-en.akamaized.net/article_tools/animal-crossing-new-horizons/gacha/c379_i.png
Mallary,377,https://gamewith-en.akamaized.net/article_tools/animal-crossing-new-horizons/gacha/c390_i.png
Cashmere,378,https://gamewith-en.akamaized.net/article_tools/animal-crossing-new-horizons/gacha/c108_i.png
Baabara,379,https://gamewith-en.akamaized.net/article_tools/animal-crossing-new-horizons/gacha/c100_i.png
Maelle,380,https://gamewith-en.akamaized.net/article_tools/animal-crossing-new-horizons/gacha/c115_i.png
Cesar,381,https://gamewith-en.akamaized.net/article_tools/animal-crossing-new-horizons/gacha/c300_i.png
Moose,382,https://gamewith-en.akamaized.net/article_tools/animal-crossing-new-horizons/gacha/c307_i.png
Snooty,383,https://gamewith-en.akamaized.net/article_tools/animal-crossing-new-horizons/gacha/c361_i.png
Boyd,384,https://gamewith-en.akamaized.net/article_tools/animal-crossing-new-horizons/gacha/c333_i.png
Bitty,385,https://gamewith-en.akamaized.net/article_tools/animal-crossing-new-horizons/gacha/c338_i.png
Elise,386,https://gamewith-en.akamaized.net/article_tools/animal-crossing-new-horizons/gacha/c91_i.png
Wart Jr.,387,https://gamewith-en.akamaized.net/article_tools/animal-crossing-new-horizons/gacha/c278_i.png
Pancetti,388,https://gamewith-en.akamaized.net/article_tools/animal-crossing-new-horizons/gacha/c387_i.png
Greta,389,https://gamewith-en.akamaized.net/article_tools/animal-crossing-new-horizons/gacha/c299_i.png
Broffina,390,https://gamewith-en.akamaized.net/article_tools/animal-crossing-new-horizons/gacha/c362_i.png
Rizzo,391,https://gamewith-en.akamaized.net/article_tools/animal-crossing-new-horizons/gacha/c21_i.png
